sample_id,HighImpact,LowImpact,MediumImpact,WildType,LowFrequency,koscore
FLD0264,0.0,0.0,0.0,96.59,3.4099999999999966,0.0
FLD0255,0.0,0.0,0.0,94.57,5.430000000000007,0.0
FLD0243,0.0,0.0,0.0,92.98,7.019999999999996,0.0
FLD0244,0.0,0.0,0.0,94.79,5.209999999999994,0.0
FLD0253,0.0,0.0,0.0,94.87,5.1299999999999955,0.0
FLD0246,0.0,0.0,0.0,95.2,4.799999999999997,0.0
FLD0263,0.0,0.0,0.0,96.82,3.180000000000007,0.0
FLD0241,0.0,95.08,0.0,0.0,4.920000000000002,0.6655599999999999
FLD0254,0.0,95.22,0.0,0.0,4.780000000000001,0.6665399999999999
FLD0250,0.0,95.41,0.0,0.0,4.590000000000003,0.66787
FLD0249,0.0,95.64,0.0,0.0,4.359999999999999,0.66948
FLD0247,0.0,95.7,0.0,0.0,4.299999999999997,0.6698999999999999
FLD0258,0.0,96.4,0.0,0.0,3.5999999999999943,0.6748000000000001
FLD0257,0.0,96.52,0.0,0.0,3.480000000000004,0.6756399999999999
FLD0262,0.0,96.85,0.0,0.0,3.1500000000000057,0.6779499999999998
FLD0252,0.0,46.18,48.71,0.0,5.109999999999999,0.7616499999999999
FLD0260,0.0,47.790000000000006,48.93,0.0,3.280000000000001,0.7749000000000001
FLD0248,40.07,56.3,0.0,0.0,3.6299999999999955,0.7948
FLD0245,44.89,49.85,0.0,0.0,5.259999999999991,0.79785
FLD0261,43.28,53.08,0.0,0.0,3.6400000000000006,0.8043600000000001
FLD0259,52.11,43.9,0.0,0.0,3.990000000000009,0.8284
FLD0242,93.63,0.0,0.0,0.0,6.3700000000000045,0.9362999999999999
FLD0251,94.67,0.0,0.0,0.0,5.329999999999998,0.9467
FLD0256,95.45,0.0,0.0,0.0,4.549999999999997,0.9545
