plate_id,well,sample_id,HighImpact,MediumImpact,LowImpact,WildType,LowFrequency,koscore
GEP00001_03,D11,FLD0264,0.0,0.0,0.0,96.59,3.4099999999999966,0.0
GEP00001_03,C8,FLD0255,0.0,0.0,0.0,94.57,5.430000000000007,0.0
GEP00001_03,B6,FLD0243,0.0,0.0,0.0,92.98,7.019999999999996,0.0
GEP00001_03,B7,FLD0244,0.0,0.0,0.0,94.79,5.209999999999994,0.0
GEP00001_03,C6,FLD0253,0.0,0.0,0.0,94.87,5.129999999999996,0.0
GEP00001_03,B9,FLD0246,0.0,0.0,0.0,95.2,4.799999999999997,0.0
GEP00001_03,D10,FLD0263,0.0,0.0,0.0,96.82,3.1800000000000064,0.0
GEP00001_03,B4,FLD0241,0.0,0.0,95.08,0.0,4.920000000000002,9.508
GEP00001_03,C7,FLD0254,0.0,0.0,95.22,0.0,4.780000000000001,9.522
GEP00001_03,C3,FLD0250,0.0,0.0,95.41,0.0,4.590000000000003,9.541
GEP00001_03,C2,FLD0249,0.0,0.0,95.64,0.0,4.3599999999999985,9.564
GEP00001_03,B10,FLD0247,0.0,0.0,95.7,0.0,4.299999999999997,9.57
GEP00001_03,D5,FLD0258,0.0,0.0,96.4,0.0,3.5999999999999943,9.64
GEP00001_03,D4,FLD0257,0.0,0.0,96.52,0.0,3.480000000000004,9.652
GEP00001_03,D9,FLD0262,0.0,0.0,96.85,0.0,3.1500000000000057,9.685
GEP00001_03,C5,FLD0252,0.0,48.71,46.18,0.0,5.1099999999999985,33.844
GEP00001_03,D7,FLD0260,0.0,48.93,47.790000000000006,0.0,3.280000000000001,34.137
GEP00001_03,B11,FLD0248,40.07,0.0,56.3,0.0,3.629999999999996,45.7
GEP00001_03,D8,FLD0261,43.28,0.0,53.08,0.0,3.640000000000001,48.588
GEP00001_03,B8,FLD0245,44.89,0.0,49.85,0.0,5.259999999999991,49.875
GEP00001_03,D6,FLD0259,52.11,0.0,43.9,0.0,3.990000000000009,56.5
GEP00001_03,B5,FLD0242,93.63,0.0,0.0,0.0,6.3700000000000045,93.63
GEP00001_03,C4,FLD0251,94.67,0.0,0.0,0.0,5.329999999999998,94.67
GEP00001_03,C9,FLD0256,95.45,0.0,0.0,0.0,4.549999999999997,95.45
